{"bitcoin_product_id":84,"current_price":106485.8,"order_type":"Neutral","currentEMA9":106567.30821993544,"currentEMA21":106520.61877530439,"cross_over_type":"Neutral"}