{"bitcoin_product_id":84,"current_price":104201.2,"order_type":"Neutral","currentEMA9":104253.64166484967,"currentEMA21":104340.38363826122,"cross_over_type":"Neutral"}