{"bitcoin_product_id":84,"current_price":101964.3,"order_type":"Sell","currentEMA9":102058.60468087306,"currentEMA21":102067.1680384051,"cross_over_type":"Bearish"}