{"bitcoin_product_id":84,"current_price":110900.9,"order_type":"Neutral","currentEMA9":111334.23434657595,"currentEMA21":111375.1059617611,"cross_over_type":"Neutral"}