{"bitcoin_product_id":84,"current_price":109159,"order_type":"Neutral","currentEMA9":111531.88290064113,"currentEMA21":111517.3394493217,"cross_over_type":"Neutral"}